date,eta_z_H,eta_p_H,eta_x_H,eta_g_H,eta_z_F,eta_p_F,eta_x_F,eta_g_F,eta_r,init_values,steady_state
1999.25,5.85009085106373e-08,2.15334712874856e-09,-1.03588416560157e-08,3.58872274393025e-09,5.16761181274727e-07,3.27891120245838e-09,3.20785964538566e-10,-5.50215992142628e-08,-7.01173405881876e-06,0.000938306378035998,0.000931813867393134
1999.5,5.62578842092754e-08,1.36360948724394e-08,-1.41878364601684e-08,-2.74490460323417e-09,4.61309552454672e-07,-1.05264303847e-07,-1.43878888073208e-10,-7.53595312440514e-08,-5.37148392585293e-06,-0.000804450061912682,-0.000809488042762041
1999.75,3.76033358099878e-08,2.05592327367247e-08,-7.75223205626607e-07,-2.53790627636752e-07,-2.12736435271418e-07,-2.59293835523623e-07,-2.67293840138349e-08,-4.11764383876033e-06,-2.33319544878001e-06,-0.0054456629568859,-0.00545358340709297
2000,-6.7794985823905e-05,-1.21809989617371e-06,6.59790792118358e-08,8.16233110075686e-07,-0.000210349465735476,-6.88184413107189e-05,7.28429453072197e-08,3.50451775735966e-07,0.00280404773144293,-0.00271143675650863,-0.000254264510921644
2000.25,9.15607197170474e-05,-4.43955888805132e-06,5.41313364441564e-06,-2.18965775675654e-06,0.000393944669250357,0.000132352579443619,-2.15914192713775e-07,2.87521790337768e-05,-0.0021414418189145,-0.000994833987438959,-0.00249109765610176
2000.5,0.000123386503801704,9.88498939794241e-06,9.81890214691724e-06,3.33595043164543e-07,0.0014710478865059,0.000198114905744816,-5.44038765658269e-08,5.21536786246809e-05,-0.00147074437273169,6.09776324706065e-05,0.000454919317127479
2000.75,0.000154239322004324,2.35201979476766e-05,5.02472718870332e-06,1.73169702554195e-06,0.00105439825157114,0.000145973624743119,1.79309678030008e-08,2.66891352062824e-05,-0.00300078547041667,0.000687386734157201,-0.000901803849604874
2001,3.37600158191228e-06,2.8845107913269e-05,5.69827370446187e-06,4.80579429411317e-06,0.00046722447452136,-5.41528756431092e-05,2.99818279352841e-07,3.02667173021253e-05,-0.00229244380659766,0.00103544619453449,-0.000770634300109688
2001.25,7.55318329214265e-05,1.75607152960628e-05,-2.26167496476963e-06,1.8693776959251e-06,-0.000553309883593403,-4.73339898670638e-05,7.36281665480467e-08,-1.20130201422889e-05,0.0038229068873166,0.00120431818031061,0.00450734205313966
2001.5,-4.50456816449255e-05,1.01738650112526e-05,-4.64848638909509e-06,2.91592724635892e-06,-0.000834563899376386,-0.000179034511788094,2.12544093167002e-07,-2.4690709979647e-05,-0.00360789930653057,0.00125936723208707,-0.00342321302727086
2001.75,-0.00016765471528303,-9.98664844740573e-06,-1.1456800914765e-05,2.3023356300196e-06,-0.00177908486047507,-0.000315361424127263,2.47454489695759e-07,-6.08534746588955e-05,-0.00509580363325528,0.00124377131951982,-0.00619388044752218
2002,-0.000170361030079922,-3.44144773255099e-05,-3.16243268059516e-06,-1.18695012537731e-06,-0.000307773972705668,-0.00012507431848191,4.57985138624776e-08,-1.67974479456169e-05,0.00195712534616883,0.00118604004061831,0.00248444055595641
2002.25,-4.65719737665629e-05,-4.17886497542294e-05,-9.19309421938489e-07,-4.76941533269701e-06,-0.000438432793990925,-9.87926045130396e-06,-2.5329637912391e-07,-4.88296628594817e-06,-0.00196437582964371,0.00110492586197848,-0.00140694763304796
2002.5,-5.41816175951857e-05,-3.63363191104057e-05,2.03098877120446e-06,-3.33555893220826e-06,-0.000213702973583717,-2.86375452864108e-05,-1.46629721850248e-07,1.07877168016171e-05,-0.00485028061094541,0.00101265985394897,-0.00416114269565339
2002.75,-3.29339796245569e-05,-3.45237521476805e-05,-5.60154773117759e-06,-3.07462911850844e-06,-0.00125536361222371,-0.000111441001071303,-1.44672778057333e-07,-2.9752951582715e-05,-0.00457716691151571,0.000917100718366618,-0.00513290233942679
2003,-0.000101937705090514,-3.72984507564072e-05,-1.08329341952622e-05,-1.54683185317686e-06,-0.00134993228986223,-0.00018229008984611,2.97552573939376e-09,-5.7539769734787e-05,0.00367579993267526,0.000823172566046392,0.00275759740290891
2003.25,-0.000106663519856962,-4.63182442642599e-05,-1.17178950624524e-05,-2.51256426090841e-06,-0.00188805962835621,-0.00020711772322702,-5.07495211453657e-08,-6.22402916436793e-05,-0.00300134805928219,0.000733833020818996,-0.00459219565465583
2003.5,-0.00011998771822166,-5.35813747891845e-05,-4.79624034752889e-06,-3.54707899264314e-06,-0.00120579601951124,-0.000141331205259791,-1.12119631877834e-07,-2.54755138557201e-05,-0.00201718869856686,0.000650728509632699,-0.00292108745954381
2003.75,-2.71541962290394e-05,-5.49569476501243e-05,-5.32561230963503e-06,-5.00484860667707e-06,-0.00131534287789611,-6.18452811831795e-05,-2.60857369557349e-07,-2.82873042953741e-05,-0.00208142774408898,0.00057463952499156,-0.00300496614463712
2004,-9.10437937777618e-05,-4.85375777763564e-05,-3.27557560254103e-06,-2.77648632654724e-06,-0.000608765365591254,-7.31174169566565e-05,-8.26971700247604e-08,-1.73984132573728e-05,0.0019134096719429,0.000505783824467028,0.00157419616995141
2004.25,-6.65279767937145e-05,-4.6181557860103e-05,-1.34584350128471e-06,-3.14737226788624e-06,-0.000476115905464901,-2.26604870720682e-05,-1.27079717633982e-07,-7.14852723806367e-06,0.00329112222462106,0.00044402290500833,0.00311189037971373
2004.5,-0.000100875470958025,-3.97006848685708e-05,3.46763680563224e-07,-2.2986095864822e-06,0.000107452651490263,8.12010018507831e-06,-5.82214934522099e-08,1.84185576800784e-06,-0.00213296612142247,0.000389002252873027,-0.00176913548433207
2004.75,-3.71518111047788e-05,-3.22839907798728e-05,-1.10718807019252e-06,-3.61730419974862e-06,-8.06355857962535e-05,6.42471019968963e-05,-2.03387886682051e-07,-5.88089482163056e-06,-0.00275065224104033,0.000340246053313246,-0.00250703924838934
2005,-7.83192278201698e-05,-1.98661685316319e-05,-7.27216455313005e-07,-1.57193516265924e-06,0.000125442034569227,4.4620823576626e-05,-5.64267586237789e-08,-3.86265314935273e-06,-0.00183104285984927,0.000297220491117646,-0.00146816313846352
2005.25,-5.04762674400558e-05,-1.10850865210208e-05,-2.080983024004e-06,-1.73325822033467e-06,-0.000206557230664658,5.94417695600438e-05,-9.60778127886409e-08,-1.10532642278545e-05,0.00181161334223383,0.000259375360760715,0.00184734830464387
2005.5,-0.000147449699978966,-9.0577223586292e-07,4.3487342741663e-06,-4.75003820215111e-08,0.000833464417046226,8.50663873366099e-05,5.6116681328803e-08,2.3098558918851e-05,0.00149494052303858,0.000226170709159014,0.00251874247385792
2005.75,-7.16882793628856e-05,7.98862747662382e-06,5.22739414045793e-06,-2.37232119466206e-06,0.000927074435355886,0.00020691237695386,-1.70739005876674e-07,2.77656126893548e-05,-0.00307247130163095,0.000197093183902941,-0.00177464101067525
2006,3.70110268078359e-05,2.92923339160022e-05,6.91342997010492e-06,-2.49187922263108e-06,0.000944643522668601,0.000300205805926431,-2.72503852590716e-07,3.67210915701291e-05,-0.00387195683612185,0.000171665346502058,-0.00234826866183591
2006.25,0.000184249946241944,5.9336577841676e-05,9.67272941574595e-06,-1.08950719767651e-06,0.00107708232511525,0.000396452344176975,-2.94817770757333e-07,5.13772735305944e-05,0.000635885757676092,0.000149450229234553,0.0025621228582644
2006.5,0.000190868816115403,9.47025806529706e-05,1.57969652850613e-05,4.12569898732133e-06,0.00237597111207614,0.000452801009473,3.47068076373945e-08,8.39065140272312e-05,-0.00500586953949998,0.000130052729278841,-0.00165760940679638
2006.75,0.000230800996552526,0.000125758529052402,2.03636303709746e-05,6.25435216522881e-06,0.00297030734598491,0.000511806722680504,1.24640906687433e-07,0.000108162625322938,-0.00831817159461782,0.000113118953171101,-0.00423147379841055
2007,0.000202904238069443,0.00015512684343661,1.88140659637271e-05,8.77117690571459e-06,0.00330653599345041,0.000500485435000193,2.68973631076602e-07,9.99320224617812e-05,-0.00354031986359732,9.83342859672107e-05,0.000850853171288842
2007.25,0.0003396945293386,0.000179583983304204,1.46655328557883e-05,8.18862205438109e-06,0.00255596307638278,0.000545901847943823,1.16420074895265e-07,7.78968438605548e-05,0.000240402512632748,8.54207202004818e-05,0.00404783408864825
2007.5,0.000377043329825526,0.000208726408718857,1.80094760876734e-05,1.13407448300059e-05,0.00314928100114724,0.000573903996924685,2.88439854325793e-07,9.56583958187511e-05,-0.00390645583283619,7.41338103902754e-05,0.000601929770761152
2007.75,0.00050954602575447,0.000234294631664509,1.18503608316181e-05,1.24487560498606e-05,0.00199557157309616,0.000532293272126795,2.6759768028718e-07,6.29438913995857e-05,-0.000273366900924144,6.42594990697275e-05,0.00315010870674887
2008,0.000541521179149112,0.000255848286547664,5.82885497810607e-06,1.55238663687365e-05,0.0010155776381462,0.000389396853265855,4.2989686002868e-07,3.0960307448777e-05,0.000219419285281411,5.56109757059273e-05,0.00253011714375182
2008.25,0.000758425153922402,0.00026749882894495,8.59946416698669e-06,1.64074927175036e-05,0.00166093190620859,0.000541033325625484,4.05520118042362e-07,4.56765617783751e-05,0.00115817615938704,4.80256704247324e-05,0.00450518008329411
2008.5,0.000657150767172421,0.000285040411060792,1.23706444764544e-05,2.24928226580856e-05,0.00273844040797645,0.000412474744819537,9.05573407502957e-07,6.57074087053363e-05,-0.00367292836790433,4.13624429417819e-05,0.000563016855314032
2008.75,0.000417206237976065,0.000274815761490593,-9.61204651005461e-06,2.49533698291054e-05,-0.000215083777319219,-8.04224415859726e-05,1.21094488152902e-06,-5.1054952693286e-05,-0.0110435396231085,3.54989984388682e-05,-0.0106460275286009
2009,-8.16211886331686e-05,0.000220849162667523,-4.01709714619206e-05,2.57191205000412e-05,-0.00323166885475023,-0.000678745417276018,1.56728936711062e-06,-0.00021337048728243,-0.00421019349817219,3.03295426417986e-05,-0.00817730530239948
2009.25,-0.000165567043836998,0.000130228517429575,-2.91736726571136e-05,1.33947492825058e-05,-0.00287344377709113,-0.000522189660579252,8.49186011027428e-07,-0.000154957685217225,0.000513185442448869,2.57626754205306e-05,-0.00306191126878921
2009.5,-0.000300770919360704,6.37477806894998e-05,-1.59279744215159e-05,6.58224407328397e-06,-0.00168949029401216,-0.000419111339844622,5.26745173137887e-07,-8.4602376792469e-05,-0.00178191172223539,2.17195139448631e-05,-0.00419923834278608
2009.75,-0.000266910871851949,1.26059516191967e-05,-1.13461670465691e-05,-1.0808189814339e-06,-0.00174374988297306,-0.000306106090656842,2.51406990469605e-08,-6.02658363343086e-05,-0.00204511643902597,1.81320314047891e-05,-0.0044038129831471
2010,-0.000219446453143294,-1.87411856681899e-05,-9.13927179082957e-06,-4.35706022918628e-06,-0.0017889722792005,-0.000248903968665578,-1.91868498453418e-07,-4.85437818516385e-05,9.89113226916166e-05,1.49415945704143e-05,-0.00222444295178564
2010.25,-0.000147478846964864,-3.80830109566345e-05,-2.27802032749484e-06,-5.81613021740111e-06,-0.00150971005924212,-0.000178629691696105,-3.04544491044036e-07,-1.2099839501706e-05,0.00172302396008267,1.20976822896527e-05,-0.00015927850102504
2010.5,-0.000211893922901533,-4.91132964217194e-05,6.42104455412434e-06,-4.2709997199471e-06,-2.40745232545025e-05,-0.000129619091496889,-1.469295806385e-07,3.41057573545224e-05,-0.00244202994025114,9.55676689861143e-06,-0.00281106513481911
2010.75,-0.000168531176029834,-5.96329109872684e-05,5.16128541741635e-06,-5.80300713645052e-06,-0.000160106413195169,-9.1947878072771e-05,-2.75506226512726e-07,2.74144723027611e-05,5.28015982108852e-05,7.28134107928248e-06,-0.00039363819463766
2011,-0.000138080748658829,-6.39497216517349e-05,7.05269562410024e-06,-6.1926209942821e-06,-0.000277014140819613,-8.38731603251867e-05,-3.33979580093408e-07,3.74608093158866e-05,0.00367061923643754,5.23907367856865e-06,0.00315092744302635
2011.25,2.64389514332204e-05,-6.37273160319073e-05,5.60093425821347e-06,-6.82271975431198e-06,-0.000323407117809661,2.65905296694571e-05,-4.6085728988389e-07,2.97496930848365e-05,0.00360174977043855,3.40207922197057e-06,0.00329911394722048
2011.5,3.80766984482292e-06,-5.36682928736277e-05,7.68365895582225e-06,-3.16551774702788e-06,0.000160866062536602,-1.8793952203635e-05,-2.01753178149464e-07,4.08122083149e-05,-0.00172182892355082,1.74628718510074e-06,-0.00158274255271601
2011.75,8.66409576996093e-05,-5.16590297617952e-05,-2.29078116155073e-06,-3.13526208513449e-06,-0.00124835577663064,-0.00010230502702685,-2.57855630477261e-07,-1.21676194254057e-05,0.00131102319017746,2.50898442031525e-07,-2.22563054027504e-05
2012,6.83373798670261e-06,-5.44860631066062e-05,-8.94726616049455e-06,1.14001409799723e-08,-0.00215041977127476,-0.000290033774219968,-1.89342218573836e-09,-4.75239326069074e-05,0.00408968266969382,-1.10208236790178e-06,0.00154401302466268
2012.25,1.36558729912648e-05,-7.16686401191215e-05,-1.25228782688264e-05,-5.71550784553254e-07,-0.00275183195741076,-0.000334898957200134,-2.811083965725e-08,-6.65160074839349e-05,0.00354153493572218,-2.32824855566347e-06,0.00031482445805079
2012.5,-0.000154366377136841,-9.0719632458882e-05,-6.06558134265132e-06,8.20491229611662e-07,-0.0015979146098697,-0.00037223749570961,1.78680663968769e-07,-3.22176935143217e-05,0.000567516529389919,-3.44113601152786e-06,-0.00168844682476003
2012.75,-0.000168114190285201,-0.000115716646576789,-5.51515657096131e-06,-2.51704705250936e-06,-0.00141210685084664,-0.000308786064930833,-2.14240888549601e-08,-2.92940798332549e-05,0.000244614265259532,-4.45251850944984e-06,-0.00180190971343496
2013,-0.000200421086337238,-0.000131762765237072,-3.08254687320331e-06,-4.26214146565878e-06,-0.00078728615870896,-0.000250736035744808,-1.03049454726694e-07,-1.6373129761868e-05,0.000834859958054285,-5.37266047760058e-06,-0.000564539616006851
2013.25,-0.000109367543017806,-0.000141354618825781,-3.51754591288338e-06,-7.55635336281182e-06,-0.0015641575368854,-0.000224980521559314,-3.82432820207128e-07,-1.86836528507086e-05,0.000146350715457314,-6.21053315675419e-06,-0.00192986002293436
2013.5,-0.000171867695767307,-0.000143687565322324,2.23189939585333e-06,-5.30103166766455e-06,-0.00057608181993444,-0.000213113211379118,-1.75218249452442e-07,1.18548654495451e-05,0.000360675910697489,-6.97399929460742e-06,-0.000742437866072025
2013.75,-0.000126335116931891,-0.000148079089018547,-2.09014267945821e-08,-7.10244693709981e-06,-0.000947240096645752,-0.000197593076959474,-3.28955184171135e-07,-1.11019162787396e-07,-0.00313527991614969,-7.66997083873761e-06,-0.00456976058925494
2014,-5.80928199210263e-05,-0.000147586369947025,9.8908962199503e-07,-7.18514337923504e-06,-0.00110998047298044,-0.000172160831925372,-3.65370060612197e-07,5.25360793953236e-06,-0.00193027905424982,-8.30454348890904e-06,-0.00342771190839091
2014.25,6.30140574250494e-06,-0.000143482919233239,-2.94588169052332e-06,-6.54733150426599e-06,-0.00148889508979639,-0.000190898961588757,-3.54046955670282e-07,-1.56472245730772e-05,-0.000904548665590603,-8.88311144046396e-06,-0.00275590182663048
2014.5,-0.000109768691661997,-0.000141735278859788,1.50310375119835e-06,-3.46181794285127e-06,-0.00066412088892254,-0.00025314269466858,-7.79739626228771e-08,7.98382434274117e-06,-0.00130166331564523,-9.41046519056365e-06,-0.00247389419876023
2014.75,-6.50667447814973e-05,-0.000149448634007265,-1.4968127897549e-07,-5.18809311482097e-06,-0.00122020576390808,-0.000244642854048751,-2.13843730637698e-07,-7.95040952951052e-07,-0.00574787686555894,-9.89087487672513e-06,-0.00744347839625865
2015,-0.000101241785573386,-0.000153575637777718,-2.18045688258211e-06,-4.93681643852121e-06,-0.00117936941350923,-0.000279893462343914,-1.75815269004379e-07,-1.15816255022832e-05,-0.00594317113978848,-1.0328161269702e-05,-0.00768645431435482
2015.25,-0.000159589444582603,-0.000161078437009706,7.10456250649697e-07,-4.42480195154319e-06,-0.000619251357586042,-0.000270268718964892,-8.57929096193242e-08,3.77363033248207e-06,0.00828297302199408,-1.07257562402324e-05,0.00706203279933257
2015.5,-0.000234023629622378,-0.000170063373479461,1.75000661501748e-06,-5.61026811285385e-06,-0.000677020585054688,-0.00030804510941897,-1.23591262237972e-07,9.29526348516896e-06,-0.0019608238989104,-1.10867542595016e-05,-0.00335575194002031
2015.75,-6.74035805021171e-05,-0.000178708730874325,-3.74212341376562e-06,-1.0093480605776e-05,-0.00195192803533872,-0.000251977874426331,-5.22559189632241e-07,-1.98765095094363e-05,-0.00880489160724851,-1.14139562673622e-05,-0.011300558457376
2016,-6.50630172015699e-05,-0.000175401234855967,-3.54828414817279e-06,-7.8720361276458e-06,-0.00200996390932705,-0.000305874206640881,-3.68015038421907e-07,-1.88469208027449e-05,-0.00868254527757079,-1.17099070496528e-05,-0.0112811928087629
2016.25,-0.000107887147050798,-0.000177777314152991,-2.59902579475245e-06,-5.6302401651638e-06,-0.00143462780734629,-0.000315898128301747,-1.62261789984772e-07,-1.38048789985478e-05,0.00763502543840104,-1.19769270987714e-05,0.005564661707702
2016.5,-0.00024699478451222,-0.000185311487954443,-7.95772749333868e-08,-4.89536496114068e-06,-0.000982233231844747,-0.00038038912122003,-2.22284607885821e-08,-4.22679395374803e-07,0.00274645927269509,-1.22171397889299e-05,0.000933893657282482
2016.75,-0.000163180994284126,-0.000198634387028296,-3.77380133268889e-06,-9.57694234952012e-06,-0.00191297141870191,-0.00034123121046446,-3.89407278378923e-07,-2.00447686465886e-05,-0.00303117425043519,-1.24324945749545e-05,-0.00569340967509612
2017,-0.000138781816146195,-0.000201777843830146,-2.01729290287735e-06,-9.7415838395259e-06,-0.0020084248869099,-0.000339100197981578,-4.11270994566462e-07,-1.07149703881656e-05,-0.00146606594533811,-1.26247868182782e-05,-0.00418966059514934
2017.25,-0.000249967595624278,-0.000204678731956495,2.96807631043842e-06,-7.60142892783605e-06,-0.000999809475731083,-0.000348981378549507,-1.96923736208193e-07,1.5765112607496e-05,0.00646100623592213,-1.2795674753689e-05,0.00465570821556097
2017.5,-0.000366112540722404,-0.000213457588435633,5.84599735261883e-06,-8.15045818323302e-06,-0.000644973836284386,-0.000363310976489875,-1.80320125513208e-07,3.10513601833725e-05,0.0032474899515199,-1.29466940336654e-05,0.00167525489478118
2017.75,-0.000151408009350187,-0.000220841698284666,-3.35467701035995e-06,-1.38802071910521e-05,-0.00276133169037112,-0.000309721629792203,-7.15958940344627e-07,-1.78185650564661e-05,-0.00338149107419131,-1.30792702212812e-05,-0.00687364278040898
2018,-5.16267108086062e-05,-0.000211159046063078,-8.93862629337448e-06,-1.14576926093869e-05,-0.00311145991145819,-0.000310976055757352,-6.06432217880241e-07,-4.74780414424578e-05,-0.000454932639518128,-1.31947295466429e-05,-0.00422182988571509
2018.25,-0.000126565735525133,-0.000201933298780155,-2.29074742827983e-06,-6.64262572926795e-06,-0.00195948954638559,-0.000327205017159365,-2.24849222146898e-07,-1.21674402491453e-05,0.011697847023438,-1.32943081936846e-05,0.00904803345476527
2018.5,-0.000243999588301413,-0.000201807695644832,-1.2877673114899e-07,-5.34763478644631e-06,-0.00116650084783616,-0.000340249976447802,-7.88187683366675e-08,-6.84005212618474e-07,0.00648684254318258,-1.33791603437574e-05,0.00451466603911007
2018.75,-9.58865338507875e-05,-0.000204216967358245,-3.54919237196638e-06,-9.71134633961444e-06,-0.00230936824687969,-0.000270571233298476,-4.86856765137501e-07,-1.88517448870615e-05,-0.00505019595311131,-1.34503651673806e-05,-0.00797628844002967
2019,-2.88835360695689e-05,-0.00019358926599017,-3.64386799290577e-06,-8.29313957591096e-06,-0.00252437904853875,-0.000267066941085682,-4.54801742984932e-07,-1.93546200389046e-05,-0.0062984293242511,-1.35089329262005e-05,-0.00935760347821217
2019.25,-9.34416540742489e-05,-0.000183441792899076,-4.5959174663964e-07,-4.02950489026154e-06,-0.00152649311639528,-0.000266115431200113,-1.3524471465248e-07,-2.44114870421886e-06,0.0109862209514262,-1.35558103217959e-05,0.00889610765647992
2019.5,-0.000145092904968341,-0.000179992933912255,-2.30358453920388e-06,-3.16093409924512e-06,-0.00198830680860665,-0.000331889049448158,-7.2376726081622e-08,-1.2235625321935e-05,0.00279651904038915,-1.35918852070568e-05,0.000119872937560219
2019.75,-3.35688780081849e-05,-0.000179154905326329,-5.17235478404649e-06,-4.91273003406826e-06,-0.00242039978898494,-0.00025355319156503,-2.62076786926142e-07,-2.74732678973366e-05,-0.00411741196386101,-1.36179907571253e-05,-0.00705552714800499
2020,1.64890500764656e-05,-0.000168058393523765,-8.29415373929973e-06,-1.17076404513639e-06,-0.0019773913825671,-0.000205479160976838,4.79059773536683e-08,-4.40548874111088e-05,-0.00489948023779186,-1.36349091824743e-05,-0.00730102693318376
2020.25,-8.95498438209246e-07,-0.000155620906647351,-2.54039135209949e-05,4.19180652792806e-06,-0.00090709377731872,-0.000163735241115566,6.81732456866626e-07,-0.000134934386936438,0.00194137214466611,-1.36433750524989e-05,0.000544918584621127
2020.5,7.0025127843194e-05,-0.000146564099440796,-5.09030142503174e-06,-1.20584085454032e-05,-0.00284197691743304,-0.000306324314429764,-6.17725123200382e-07,-2.70374366351343e-05,-0.00271289663543755,-1.36440782881045e-05,-0.00599618478891484
2020.75,8.94357467311628e-05,-0.000143780269529425,-5.85354615254404e-06,-8.33640087415151e-06,-0.00289028317481126,-0.000334238393129463,-3.8091639221272e-07,-3.10914560799817e-05,-0.00623220600463713,-1.36376668719174e-05,-0.00957037208174693
2021,-0.000120194766461305,-0.000146583092149405,-1.48377333942108e-06,-2.92576219290765e-06,-0.000955792621411344,-0.000358435651787565,1.24145600612785e-07,-7.88114971899689e-06,0.0120969475082755,-1.36247493165709e-05,0.0104901500874986
2021.25,-0.000195946366182935,-0.000161641294448005,-1.79103758082302e-06,-5.74226996206219e-06,-0.00187580615838977,-0.00043159139052157,-4.27485909627799e-08,-9.51320188319583e-06,0.0104613658692446,-1.36058969260385e-05,0.00776568550475926
2021.5,-0.000288541784954382,-0.000178238924160033,-4.73117899231949e-06,-8.39962424610648e-06,-0.00192628789999584,-0.000446927780991212,-2.12711060997928e-07,-2.51299366252205e-05,0.00849279003234594,-1.35816458779886e-05,0.00560073854544184
2021.75,-0.000388479738994704,-0.000194547567687906,-7.61742824412806e-06,-8.80558859292931e-06,-0.0022496292947004,-0.000481240783936811,-2.02724654950619e-07,-4.04604199783732e-05,0.0101380857699718,-1.35524991515517e-05,0.00675354972403
2022,-0.000602839378358681,-0.000211710643564208,-4.90159597667596e-06,-8.03400757904846e-06,-0.00154713068546455,-0.000500046999685054,-2.74760377610584e-08,-2.60351165018839e-05,0.021896314600662,-1.35189283203621e-05,0.0189820697691738
2022.25,-0.000681109235313388,-0.000229606922893277,-2.09936370805163e-06,-1.23335459353379e-05,-0.000933350906480013,-0.000362395843184124,-2.79134046011651e-07,-1.11508943166752e-05,0.0284270622767625,-1.34813752276988e-05,0.0261812550556579
2022.5,-0.0006373891561054,-0.000229344079948285,1.30317678674625e-05,-1.68151728032387e-05,0.00129103930935016,-1.06277577205101e-05,-6.14263671205734e-07,6.92190046403973e-05,0.0156002974748403,-1.34402535576505e-05,0.016065356872892
2022.75,-0.000392904032807439,-0.00019726180078972,2.47165291153764e-05,-2.00592285265468e-05,0.00328285911822716,0.000424048922798376,-9.85017357955597e-07,0.000131283304071384,0.0129595968310686,-1.33959503141254e-05,0.0161978986754851
2023,4.82520499065377e-05,-0.000129626928717703,1.23532676232798e-05,-2.0698635155315e-05,0.00119037844911964,0.00055252119996823,-1.33633987411094e-06,6.56151105234793e-05,0.00439905713715999,-1.33488272170967e-05,0.00610316648333693
2023.25,0.000308442490772163,-4.46597833163409e-05,1.45587807123861e-05,-1.24152398869997e-05,0.00179036977334192,0.000642135655744064,-9.68981150071492e-07,7.73298235464512e-05,0.00824378018376539,-1.32992220247628e-05,0.0110052734815042
2023.5,0.000443667013234764,3.5781907578032e-05,1.57063626478401e-05,-2.91049100150299e-06,0.00214479981853696,0.000618833777948241,-4.55039042086608e-07,8.34252727689437e-05,0.00118691997667828,-1.32474497880532e-05,0.00451252114956142
2023.75,0.000616066632652718,0.000101833836781621,9.73931071437822e-06,3.10108679456182e-06,0.00131659255695589,0.000563253939269636,-2.08628512633182e-07,5.17309240303473e-05,-0.00818848938884631,-1.31938040431887e-05,-0.00553957353420298
2024,0.000685874889642605,0.000155678558679083,5.62505094088106e-06,1.04179835723259e-05,0.000964501554962736,0.00046404062903859,2.10131114705583e-07,2.98777902690756e-05,-0.00247066706541417,-1.31385579475005e-05,-0.00016757903514167
2024.25,0.000667052553220389,0.000191380268406168,2.91851716440747e-06,1.61827804935335e-05,0.000924513512226903,0.000351517252689625,5.94359143896797e-07,1.55018762765562e-05,0.00613599727677034,-1.30819653622015e-05,0.00829257643102962
2024.5,0.000539266154594168,0.000207114500915739,1.23443791317066e-06,1.95828232158907e-05,0.000717891229158016,0.000182379139116743,8.7831230008811e-07,6.55678987755675e-06,-0.000706511266812741,-1.30242618856982e-05,0.000955367858392933
2024.75,0.000330667487430096,0.000200395575428124,-7.24107320619265e-07,2.07091447316505e-05,0.000419669242143067,3.85156292827043e-06,1.06548729004974e-06,-3.84613879681131e-06,-0.00542236309401632,-1.29656658403796e-05,-0.00446354050602287
2025,0.000168282547958092,0.000175494580165077,-2.43452223305961e-06,1.80153101574136e-05,8.41716188602941e-05,-8.24926729136876e-05,9.83122437308388e-07,-1.29311086155891e-05,-0.00146172750081273,-1.29063792155498e-05,-0.00112554500421243
2025.25,6.27628593500247e-05,0.000145141162525497,-6.68938597437125e-06,1.37609409825963e-05,-0.00048651753869202,-0.000133907201040907,7.69382504356695e-07,-3.55310686555052e-05,0.00445092166153754,-1.28465885685302e-05,0.00399786422396868
2025.5,1.85305906870271e-06,0.000116163651434506,-4.59203967710181e-06,9.56531206871023e-06,-0.000282539136753657,-9.85769688817713e-05,5.39647162715311e-07,-2.43908899353417e-05,0.00134750975728952,-1.27864658860284e-05,0.00105274592589025
